featureID	salientLevel	salientRCV	salience
M225.0555T347	k2	0.654346323466894	101.569818873696
M201.1135T595	k3	9999	53.3016214378785
M226.063T307	k1	0.973191433727169	36.4723997217504
M200.005T296	k3	1.4826	35.6169526598547
M200.1286T209	k1	1.24540919814203	34.921648464144
M239.201T299	k2	1.00929185280406	34.5596295503589
M249.1136T427	k4	1.24790362297309	30.2686698097383
M222.9586T827	k2	1.46258708652898	29.6893035129007
M223.2066T590	k1	0.70015773090912	29.4880441883542
M241.0508T258	k3	0.725572320969615	28.7436288184419
M200.1286T214	k1	1.4826	27.3008482312872
M222.9586T818	k2	1.35535839627361	25.2780055231458
M246.9633T231	k1	1.23886534796064	23.5083897048845
M239.092T226	k3	0.88216540918546	22.7952763785857
M222.9585T465	k2	1.47900420371911	20.0127503460699
M222.9579T348	k2	1.17625336310864	19.613267456487
M217.0506T407	k4	1.12443284783984	19.47767841362
M242.0543T326	k1	0.545008402948539	18.9800691741925
M241.0507T327	k1	0.440801070417563	18.732112285079
M223.0971T254	k1	1.00571421332888	18.4419395184882
M224.9538T465	k2	1.43736674906532	17.7515812701101
M222.9577T319	k2	0.978818262586115	15.1849158433211
M207.0661T267	k4	0.78489184428155	14.509370673183
M211.0607T263	k1	9999	12.8776609649919
M207.0654T373	k4	0.822733190729335	12.5886344798622
M239.2014T293	k1	1.34036324094924	11.4657567190007
M249.1864T510	k1	0.445490430834101	11.2958572486159
M222.9587T335	k2	1.33914871229884	10.8800374184037
M210.9391T578	k2	1.09559645701531	10.3999357759346
M222.9585T226	k2	0.761200229809381	9.92534332333926
M247.1344T557	k4	1.1581855674583	9.63432611487073
M225.1492T219	k3	0.782367451887942	9.49980270276039
M222.9586T326	k2	1.1243323340834	9.34769324637502
M210.9378T464	k2	1.09557149288211	9.23579495037884
M227.0337T239	k1	0.296684427566194	9.00896098686374
M210.9388T632	k2	1.02423197472563	9.00428828277096
M221.0817T230	k1	0.649081536420565	9.00027244655361
M349.2383T700	k1	0.659554473563074	8.81866595392962
M221.1545T359	k4	0.739792166001195	8.75577472442079
M222.958T307	k2	0.820632865757542	8.66831736766843
M210.9385T503	k2	0.960348523808477	8.38530853639381
M223.1701T415	k1	0.540766490124598	7.71593243590817
M231.1021T437	k4	0.556190853013988	7.61313138332696
M222.9586T206	k2	0.775626376854922	7.45804745609616
M222.9585T217	k2	0.707741134296328	7.39857461973973
M236.1009T363	k4	0.372885129742006	7.38507147285504
M239.0703T450	k1	1.27674166336874	7.143404215896
M230.9242T307	k2	0.108718849815744	6.98408047765851
M247.1344T570	k4	0.828721225008329	6.86308696034601
M221.1907T677	k1	0.437513526787183	6.8601498596543
M222.9586T239	k2	0.705189570406482	6.75978570778928
M238.8458T327	k2	0.660798616519311	6.75185562319907
M235.0975T362	k4	0.209363850790929	6.700140842195
M241.0506T270	k1	0.7058836442502	6.67232705417706
M222.958T245	k2	0.679031641106876	6.59398476903159
M221.0819T313	k4	0.771318677948916	6.5581740958163
M208.0692T243	k4	0.656423724747553	6.06010964216585
M249.1135T417	k4	0.251142828332635	6.00175839214762
M207.066T243	k4	0.312894722325372	5.52288495175377
M201.801T459	k1	0.27172402925213	5.44934519549878
M243.1969T605	k1	0.455918436177419	5.37997619313495
M234.0851T333	k4	0.389943714706541	5.23773681622715
M205.8398T239	k2	0.0688485502247814	5.16418030707202
M233.0821T333	k4	0.382888097117214	5.13725455680185
M243.1968T424	k1	0.62287249639823	5.1320776531968
M219.1389T250	k3	1.00946387135058	5.13011859020022
M207.1386T512	k4	0.489070627711473	4.77628855483532
M211.0388T319	k1	0.184150040780034	4.7219603190278
M227.0337T297	k1	0.375797305614719	4.71053348801438
M201.8011T521	k3	0.142664420562571	4.55033977287593
M211.0395T228	k1	0.307713788957595	4.51438168133822
M235.8222T811	k2	0.107655355266344	4.28022022731715
M201.7354T319	k1	0.164019585662113	4.26343675250727
M205.8401T322	k2	0.11990900472603	4.20396843586851
M207.8366T347	k2	0.114489177550399	4.07035410449168
M241.0881T263	k3	0.589805085919582	4.00656730312929
M224.0475T263	k3	0.320658862025185	3.94745563162511
M201.8018T251	k4	0.0869943285834709	3.85706049089488
M211.039T418	k1	0.232388679132544	3.44979773850464
M231.9313T509	k2	0.109910693790499	3.40211568758744
M239.0713T322	k1	0.272848308873536	3.31874093254692
M239.0705T263	k3	0.25187764144866	3.30477110597757
M207.9308T302	k4	0.881105561611312	3.27666956438499
M211.0755T367	k1	0.266189209026317	3.26458485808283
M201.8014T535	k3	0.149045844413246	3.10467657412921
M243.0659T229	k3	0.436857985378519	2.97640330150451
M207.9308T311	k2	0.17178193705229	2.79318105916599
M201.8022T437	k3	0.0867580301363785	2.73244817739804
M223.0972T392	k1	0.143181310490976	2.73005953671396
M206.8403T273	k2	0.118475186919469	2.61435230219863
M201.8011T348	k2	0.0903182532730961	2.56371624348966
M217.8836T288	k2	0.515127813018431	2.44487601121151
M205.8394T217	k2	0.0854307022773787	2.37134032793759
M203.7984T363	k3	0.683649933207837	2.29695955851911
M207.9308T206	k2	0.0578578265693105	2.27527985280744
M207.8365T363	k2	0.154390665839427	2.23140294415231
M205.8394T207	k2	0.0837949401720195	2.10587622472665
M205.8398T264	k2	0.107143300270328	2.08808904315894
M201.8013T369	k2	0.13243118499921	2.08171154542141
M207.8364T207	k2	0.100650141324415	2.04334141183284
M205.8387T251	k2	0.047266744264268	2.01195602330825
M205.8387T276	k2	0.15411637360463	1.99380186753428
M207.8368T238	k2	0.082890831541599	1.96974806457244
M202.95T726	k4	0.29515186179214	1.96626948527112
M205.8394T201	k2	0.0971906645662093	1.92746114594293
M205.839T273	k2	0.0826175960776624	1.90809888959574
M207.8364T245	k2	0.0361743769102992	1.90520433100978
M207.8358T251	k2	0.0489473358608422	1.88807218629405
M205.8394T245	k2	0.0418760169815051	1.75882245948066
M201.8009T418	k3	0.465537472368452	1.75800634733411
M200.8062T276	k3	0.459202632147948	1.63975045494169
M207.8364T217	k2	0.114231599397726	1.61239464498683
M201.8016T454	k3	0.20369374357551	1.59639206879613
M205.8394T231	k2	0.0673343659677769	1.58611981065081
M201.8017T476	k3	0.136478791238534	1.58468769316308
M212.0743T273	k2	0.0440001367105724	1.51072013176816
M201.8015T228	k3	0.108088872145589	1.44115508852448
M212.1367T256	k2	0.0573604535119109	1.42762019772229
M203.7988T212	k3	0.0725583298731829	1.4042896691213
M201.8017T217	k3	0.0833878699606626	1.38933214323566
M203.7987T252	k4	0.112077763782837	1.35335519989038
M201.8021T276	k3	0.201913061067989	1.32009880422372
M203.7989T238	k3	0.215855239042376	1.25399819678269
M203.0345T357	k4	9999	0
